Material,H_nm,Size_Lx_A,Frequency_THz,Energy_level,Kappa_unexcited_W_mK,Kappa_excited_W_mK,Relative_change_percent,Bulk_reference_change_percent,Average_MFP_nm,Maximum_MFP_nm
Ge,1.0,10,0.8,E3,0.924030012150858,0.9611125944731465,4.013136135694517,-4.605389999999998,37.734179,7371.252867
Ge,1.0,10,5.6,E3,0.924030012150858,0.9025549817940434,-2.324061997383331,-32.938069999999996,37.734179,7371.252867
Ge,2.0,20,0.8,E3,1.682561796260948,1.7688751455098926,5.129876919870235,-4.605389999999998,37.734179,7371.252867
Ge,2.0,20,5.6,E3,1.682561796260948,1.6181947469926792,-3.825538497980152,-32.938069999999996,37.734179,7371.252867
Ge,5.0,50,0.8,E3,3.517543043506717,3.7264184620073104,5.938105544612204,-4.605389999999998,37.734179,7371.252867
Ge,5.0,50,5.6,E3,3.517543043506717,3.289807092089195,-6.474290395334781,-32.938069999999996,37.734179,7371.252867
Ge,10.0,100,0.8,E3,5.915075123229841,6.286675495037563,6.28225954981303,-4.605389999999998,37.734179,7371.252867
Ge,10.0,100,5.6,E3,5.915075123229841,5.352536954832467,-9.510245545118423,-32.938069999999996,37.734179,7371.252867
Ge,20.0,200,0.8,E3,9.357041855341922,9.989628551885684,6.760541486544902,-4.605389999999998,37.734179,7371.252867
Ge,20.0,200,5.6,E3,9.357041855341922,8.143040226723203,-12.974203251272709,-32.938069999999996,37.734179,7371.252867
Ge,50.0,500,0.8,E3,15.350172723023707,16.03436140159704,4.4572050811331865,-4.605389999999998,37.734179,7371.252867
Ge,50.0,500,5.6,E3,15.350172723023707,12.762205087926306,-16.859534298371194,-32.938069999999996,37.734179,7371.252867
Ge,100.0,1000,0.8,E3,20.723380668707065,21.765926471651028,5.0307708940474205,-4.605389999999998,37.734179,7371.252867
Ge,100.0,1000,5.6,E3,20.723380668707065,16.740509544002972,-19.219215186826876,-32.938069999999996,37.734179,7371.252867
Ge,200.0,2000,0.8,E3,26.45965374592799,27.67505621753263,4.593417900609098,-4.605389999999998,37.734179,7371.252867
Ge,200.0,2000,5.6,E3,26.45965374592799,20.909175688117426,-20.977137913850274,-32.938069999999996,37.734179,7371.252867
Ge,500.0,5000,0.8,E3,34.19526488797016,35.266758122069696,3.1334549903617948,-4.605389999999998,37.734179,7371.252867
Ge,500.0,5000,5.6,E3,34.19526488797016,26.146526288326847,-23.537582253017863,-32.938069999999996,37.734179,7371.252867
Ge,1000.0,10000,0.8,E3,39.77358234416101,39.87670295755584,0.2592691110962386,-4.605389999999998,37.734179,7371.252867
Ge,1000.0,10000,5.6,E3,39.77358234416101,29.55762852306704,-25.68527454403092,-32.938069999999996,37.734179,7371.252867
Ge,2000.0,20000,0.8,E3,44.7915880238732,43.63055650313696,-2.592074922901666,-4.605389999999998,37.734179,7371.252867
Ge,2000.0,20000,5.6,E3,44.7915880238732,32.12048055828358,-28.289033777583693,-32.938069999999996,37.734179,7371.252867
Ge,5000.0,50000,0.8,E3,49.98015975237194,47.172424511739464,-5.617699612293114,-4.605389999999998,37.734179,7371.252867
Ge,5000.0,50000,5.6,E3,49.98015975237194,34.39596763213537,-31.180756919243315,-32.938069999999996,37.734179,7371.252867
Ge,10000.0,100000,0.8,E3,52.51168623481974,49.17179272067954,-6.360286164121631,-4.605389999999998,37.734179,7371.252867
Ge,10000.0,100000,5.6,E3,52.51168623481974,35.42419559161016,-32.54035790585432,-32.938069999999996,37.734179,7371.252867
Ge,20000.0,200000,0.8,E3,54.27861309004362,50.62666108987639,-6.72816012102031,-4.605389999999998,37.734179,7371.252867
Ge,20000.0,200000,5.6,E3,54.27861309004362,36.131227333216806,-33.433768336567184,-32.938069999999996,37.734179,7371.252867
Si,1.0,10,1.2,E3,1.692047305975446,1.7190510166111466,1.5959193658674486,-5.341669999999999,51.533727,10114.768064
Si,1.0,10,10.0,E3,1.692047305975446,1.6587384263540663,-1.9685548686345644,-29.430769999999995,51.533727,10114.768064
Si,2.0,20,1.2,E3,3.115244734480536,3.21882442626734,3.32492951967307,-5.341669999999999,51.533727,10114.768064
Si,2.0,20,10.0,E3,3.115244734480536,3.0293925289323083,-2.755873546562415,-29.430769999999995,51.533727,10114.768064
Si,5.0,50,1.2,E3,6.6484045502235185,6.974276671678311,4.9015086099692295,-5.341669999999999,51.533727,10114.768064
Si,5.0,50,10.0,E3,6.6484045502235185,6.35222296259708,-4.45492727449146,-29.430769999999995,51.533727,10114.768064
Si,10.0,100,1.2,E3,11.405665472072108,12.08289277627934,5.937639551725327,-5.341669999999999,51.533727,10114.768064
Si,10.0,100,10.0,E3,11.405665472072108,10.662730938217637,-6.513732457554711,-29.430769999999995,51.533727,10114.768064
Si,20.0,200,1.2,E3,18.45803193856228,19.75475654243319,7.025259291928143,-5.341669999999999,51.533727,10114.768064
Si,20.0,200,10.0,E3,18.45803193856228,16.780737632072203,-9.087070127914853,-29.430769999999995,51.533727,10114.768064
Si,50.0,500,1.2,E3,31.088048335543164,33.710059351563224,8.434144812565481,-5.341669999999999,51.533727,10114.768064
Si,50.0,500,10.0,E3,31.088048335543164,27.059746362593778,-12.957719086996534,-29.430769999999995,51.533727,10114.768064
Si,100.0,1000,1.2,E3,42.35026872971173,46.61359216263053,10.066815538121432,-5.341669999999999,51.533727,10114.768064
Si,100.0,1000,10.0,E3,42.35026872971173,35.71547210502911,-15.666480576610464,-29.430769999999995,51.533727,10114.768064
Si,200.0,2000,1.2,E3,54.27832365933669,59.914815026991306,10.384424181981998,-5.341669999999999,51.533727,10114.768064
Si,200.0,2000,10.0,E3,54.27832365933669,44.52176855876976,-17.975048680208573,-29.430769999999995,51.533727,10114.768064
Si,500.0,5000,1.2,E3,69.9941383226529,76.3859506535196,9.131925164079146,-5.341669999999999,51.533727,10114.768064
Si,500.0,5000,10.0,E3,69.9941383226529,55.67464257930465,-20.4581356189278,-29.430769999999995,51.533727,10114.768064
Si,1000.0,10000,1.2,E3,81.71473510473587,86.88110439780839,6.322445133611043,-5.341669999999999,51.533727,10114.768064
Si,1000.0,10000,10.0,E3,81.71473510473587,63.41804628272494,-22.3909296145421,-29.430769999999995,51.533727,10114.768064
Si,2000.0,20000,1.2,E3,92.99641250617448,96.36374123547556,3.62092325774126,-5.341669999999999,51.533727,10114.768064
Si,2000.0,20000,10.0,E3,92.99641250617448,70.19709640503756,-24.516339379890773,-29.430769999999995,51.533727,10114.768064
Si,5000.0,50000,1.2,E3,107.11042609230634,106.34587790895417,-0.7137943627385956,-5.341669999999999,51.533727,10114.768064
Si,5000.0,50000,10.0,E3,107.11042609230634,78.08600889341044,-27.097658237194434,-29.430769999999995,51.533727,10114.768064
Si,10000.0,100000,1.2,E3,116.33008951555568,112.90726962026304,-2.942334102506594,-5.341669999999999,51.533727,10114.768064
Si,10000.0,100000,10.0,E3,116.33008951555568,83.41657410860338,-28.293209043349954,-29.430769999999995,51.533727,10114.768064
Si,20000.0,200000,1.2,E3,123.69286273295442,118.30651183547518,-4.354617379264692,-5.341669999999999,51.533727,10114.768064
Si,20000.0,200000,10.0,E3,123.69286273295442,87.00950418898844,-29.65681101840385,-29.430769999999995,51.533727,10114.768064
SiC,1.0,10,2.0,E3,3.026034165692008,3.329557504104018,10.03040024640962,-4.480390000000001,389.098779,11354.696508
SiC,1.0,10,15.0,E3,3.026034165692008,3.1472630175127883,4.006195739467389,-25.24263,389.098779,11354.696508
SiC,2.0,20,2.0,E3,5.701500367112766,6.442276434634082,12.992651404431,-4.480390000000001,389.098779,11354.696508
SiC,2.0,20,15.0,E3,5.701500367112766,5.919773300946001,3.828342011381247,-25.24263,389.098779,11354.696508
SiC,5.0,50,2.0,E3,12.717867560573929,14.88173458288228,17.01438556426278,-4.480390000000001,389.098779,11354.696508
SiC,5.0,50,15.0,E3,12.717867560573929,12.621486280817509,-0.7578415115377268,-25.24263,389.098779,11354.696508
SiC,10.0,100,2.0,E3,23.085092600568135,27.466713597748846,18.98030505224344,-4.480390000000001,389.098779,11354.696508
SiC,10.0,100,15.0,E3,23.085092600568135,22.45291495789279,-2.738466999520661,-25.24263,389.098779,11354.696508
SiC,20.0,200,2.0,E3,40.58318244943294,48.85868899136018,20.39146770275744,-4.480390000000001,389.098779,11354.696508
SiC,20.0,200,15.0,E3,40.58318244943294,37.93118351829395,-6.5347239202923735,-25.24263,389.098779,11354.696508
SiC,50.0,500,2.0,E3,78.47497162747905,94.12731328064096,19.945648056381128,-4.480390000000001,389.098779,11354.696508
SiC,50.0,500,15.0,E3,78.47497162747905,68.31167481046518,-12.95100413066611,-25.24263,389.098779,11354.696508
SiC,100.0,1000,2.0,E3,119.87601563103668,144.6863968911566,20.696701612508672,-4.480390000000001,389.098779,11354.696508
SiC,100.0,1000,15.0,E3,119.87601563103668,97.89180753545035,-18.33912144965758,-25.24263,389.098779,11354.696508
SiC,200.0,2000,2.0,E3,169.33102033434335,203.68286445853633,20.28679922696115,-4.480390000000001,389.098779,11354.696508
SiC,200.0,2000,15.0,E3,169.33102033434335,130.47874941937263,-22.94456788735878,-25.24263,389.098779,11354.696508
SiC,500.0,5000,2.0,E3,237.6383688685415,283.1472340631625,19.150470276033538,-4.480390000000001,389.098779,11354.696508
SiC,500.0,5000,15.0,E3,237.6383688685415,173.79315992095,-26.86654063970194,-25.24263,389.098779,11354.696508
SiC,1000.0,10000,2.0,E3,284.93805157968376,322.4882613662032,13.178376695686222,-4.480390000000001,389.098779,11354.696508
SiC,1000.0,10000,15.0,E3,284.93805157968376,203.72107727809336,-28.503379542088936,-25.24263,389.098779,11354.696508
SiC,2000.0,20000,2.0,E3,325.6686056174204,349.98205822229943,7.4657035358947965,-4.480390000000001,389.098779,11354.696508
SiC,2000.0,20000,15.0,E3,325.6686056174204,230.42738867157576,-29.24482596818969,-25.24263,389.098779,11354.696508
SiC,5000.0,50000,2.0,E3,369.6742539467768,378.00433256896224,2.2533564437475784,-4.480390000000001,389.098779,11354.696508
SiC,5000.0,50000,15.0,E3,369.6742539467768,263.6641939663909,-28.676614302614787,-25.24263,389.098779,11354.696508
SiC,10000.0,100000,2.0,E3,404.4989785051613,400.8690080985175,-0.8973991529121927,-4.480390000000001,389.098779,11354.696508
SiC,10000.0,100000,15.0,E3,404.4989785051613,289.73064764873567,-28.372959378180784,-25.24263,389.098779,11354.696508
SiC,20000.0,200000,2.0,E3,431.7664617607767,420.6282027210986,-2.5796952811608875,-4.480390000000001,389.098779,11354.696508
SiC,20000.0,200000,15.0,E3,431.7664617607767,313.24556246867337,-27.450232889503745,-25.24263,389.098779,11354.696508
