Material,Geometry,H_nm,Temperature_K,Energy_level,Frequency_THz,Kappa_unexcited_W_mK,Kappa_excited_W_mK,Ratio,Relative_change_percent
Ge,Bulk,,300,E1,0.6,60.972,60.156,0.9866168,-1.338320000000004
Ge,Bulk,,300,E2,0.6,60.972,59.463,0.9752509,-2.474909999999997
Ge,Bulk,,300,E3,0.6,60.972,58.274,0.9557502,-4.424980000000001
Ge,Bulk,,300,E1,0.8,60.972,60.086,0.9854687,-1.4531300000000025
Ge,Bulk,,300,E2,0.8,60.972,59.367,0.9736764,-2.6323600000000003
Ge,Bulk,,300,E3,0.8,60.972,58.164,0.9539461,-4.605389999999998
Ge,Bulk,,300,E1,1.0,60.972,59.915,0.9826642,-1.7335800000000012
Ge,Bulk,,300,E2,1.0,60.972,59.022,0.9680181,-3.1981900000000008
Ge,Bulk,,300,E3,1.0,60.972,57.548,0.9438431,-5.615689999999995
Ge,Bulk,,300,E1,1.2,60.972,60.101,0.9857148,-1.4285199999999998
Ge,Bulk,,300,E2,1.2,60.972,59.331,0.973086,-2.6913999999999993
Ge,Bulk,,300,E3,1.2,60.972,58.013,0.9514695,-4.853050000000003
Ge,Bulk,,300,E1,1.4,60.972,60.101,0.9857148,-1.4285199999999998
Ge,Bulk,,300,E2,1.4,60.972,59.291,0.97243,-2.7569999999999983
Ge,Bulk,,300,E3,1.4,60.972,57.954,0.9505019,-4.949809999999999
Ge,Bulk,,300,E1,1.6,60.972,59.78,0.98045,-1.9549999999999956
Ge,Bulk,,300,E2,1.6,60.972,58.72,0.963065,-3.693500000000005
Ge,Bulk,,300,E3,1.6,60.972,56.946,0.9339697,-6.603029999999999
Ge,Bulk,,300,E1,1.8,60.972,59.633,0.9780391,-2.196089999999995
Ge,Bulk,,300,E2,1.8,60.972,58.4,0.9578167,-4.2183300000000035
Ge,Bulk,,300,E3,1.8,60.972,56.274,0.9229482,-7.70518
Ge,Bulk,,300,E1,2.0,60.972,59.159,0.970265,-2.9734999999999956
Ge,Bulk,,300,E2,2.0,60.972,57.589,0.9445155,-5.548450000000004
Ge,Bulk,,300,E3,2.0,60.972,55.029,0.902529,-9.747099999999998
Ge,Bulk,,300,E1,2.2,60.972,59.399,0.9742013,-2.5798699999999952
Ge,Bulk,,300,E2,2.2,60.972,57.989,0.9510759,-4.892410000000003
Ge,Bulk,,300,E3,2.2,60.972,55.496,0.9101883,-8.981170000000006
Ge,Bulk,,300,E1,2.4,60.972,60.336,0.989569,-1.0430999999999968
Ge,Bulk,,300,E2,2.4,60.972,59.395,0.9741357,-2.586429999999995
Ge,Bulk,,300,E3,2.4,60.972,56.506,0.9267533,-7.324669999999999
Ge,Bulk,,300,E1,2.6,60.972,60.68,0.9952109,-0.47890999999999906
Ge,Bulk,,300,E2,2.6,60.972,59.702,0.9791708,-2.082919999999999
Ge,Bulk,,300,E3,2.6,60.972,57.432,0.9419406,-5.805939999999998
Ge,Bulk,,300,E1,2.8,60.972,61.136,1.00269,0.2690000000000081
Ge,Bulk,,300,E2,2.8,60.972,61.038,1.001082,0.10820000000000274
Ge,Bulk,,300,E3,2.8,60.972,58.603,0.9611461,-3.8853899999999997
Ge,Bulk,,300,E1,3.0,60.972,61.51,1.008824,0.8823999999999943
Ge,Bulk,,300,E2,3.0,60.972,61.044,1.001181,0.11810000000000986
Ge,Bulk,,300,E3,3.0,60.972,58.114,0.953126,-4.687399999999997
Ge,Bulk,,300,E1,3.2,60.972,61.164,1.003149,0.31490000000000684
Ge,Bulk,,300,E2,3.2,60.972,60.558,0.99321,-0.6789999999999963
Ge,Bulk,,300,E3,3.2,60.972,58.261,0.955537,-4.446300000000003
Ge,Bulk,,300,E1,3.4,60.972,60.556,0.9931772,-0.6822800000000018
Ge,Bulk,,300,E2,3.4,60.972,59.185,0.9706915,-2.930849999999996
Ge,Bulk,,300,E3,3.4,60.972,56.365,0.9244407,-7.55593
Ge,Bulk,,300,E1,3.6,60.972,59.771,0.9803024,-1.9697599999999982
Ge,Bulk,,300,E2,3.6,60.972,57.811,0.9481565,-5.184350000000004
Ge,Bulk,,300,E3,3.6,60.972,54.61,0.895657,-10.434299999999997
Ge,Bulk,,300,E1,3.8,60.972,59.773,0.9803352,-1.9664800000000038
Ge,Bulk,,300,E2,3.8,60.972,57.67,0.945844,-5.415599999999998
Ge,Bulk,,300,E3,3.8,60.972,54.04,0.8863085,-11.369149999999994
Ge,Bulk,,300,E1,4.0,60.972,59.868,0.9818933,-1.810670000000003
Ge,Bulk,,300,E2,4.0,60.972,57.905,0.9496982,-5.030179999999995
Ge,Bulk,,300,E3,4.0,60.972,54.36,0.8915568,-10.844319999999996
Ge,Bulk,,300,E1,4.2,60.972,60.03,0.9845503,-1.544970000000001
Ge,Bulk,,300,E2,4.2,60.972,57.922,0.949977,-5.0023000000000035
Ge,Bulk,,300,E3,4.2,60.972,54.267,0.8900315,-10.996850000000002
Ge,Bulk,,300,E1,4.4,60.972,59.925,0.9828282,-1.717179999999996
Ge,Bulk,,300,E2,4.4,60.972,57.664,0.9457456,-5.425440000000004
Ge,Bulk,,300,E3,4.4,60.972,53.679,0.8803877,-11.96123
Ge,Bulk,,300,E1,4.6,60.972,59.542,0.9765466,-2.3453399999999958
Ge,Bulk,,300,E2,4.6,60.972,57.42,0.9417438,-5.825619999999998
Ge,Bulk,,300,E3,4.6,60.972,53.288,0.8739749,-12.60251
Ge,Bulk,,300,E1,4.8,60.972,58.946,0.9667716,-3.3228400000000047
Ge,Bulk,,300,E2,4.8,60.972,56.825,0.9319852,-6.801480000000004
Ge,Bulk,,300,E3,4.8,60.972,52.692,0.8642,-13.580000000000004
Ge,Bulk,,300,E1,5.0,60.972,58.131,0.9534048,-4.659519999999995
Ge,Bulk,,300,E2,5.0,60.972,55.557,0.9111887,-8.881130000000004
Ge,Bulk,,300,E3,5.0,60.972,51.102,0.8381224,-16.187759999999997
Ge,Bulk,,300,E1,5.2,60.972,57.57,0.9442039,-5.5796100000000015
Ge,Bulk,,300,E2,5.2,60.972,54.749,0.8979368,-10.206320000000002
Ge,Bulk,,300,E3,5.2,60.972,49.81,0.8169324,-18.30676
Ge,Bulk,,300,E1,5.4,60.972,56.041,0.9191268,-8.087319999999998
Ge,Bulk,,300,E2,5.4,60.972,52.441,0.8600833,-13.991670000000001
Ge,Bulk,,300,E3,5.4,60.972,47.011,0.771026,-22.8974
Ge,Bulk,,300,E1,5.6,60.972,52.456,0.8603293,-13.967070000000003
Ge,Bulk,,300,E2,5.6,60.972,47.326,0.7761924,-22.38076
Ge,Bulk,,300,E3,5.6,60.972,40.889,0.6706193,-32.938069999999996
Ge,Bulk,,300,E1,5.8,60.972,52.045,0.8535885,-14.641150000000003
Ge,Bulk,,300,E2,5.8,60.972,46.963,0.7702388,-22.97612
Ge,Bulk,,300,E3,5.8,60.972,40.669,0.6670111,-33.29889
Ge,Bulk,,300,E1,6.0,60.972,52.187,0.8559175,-14.40825
Ge,Bulk,,300,E2,6.0,60.972,47.049,0.7716493,-22.83507
Ge,Bulk,,300,E3,6.0,60.972,40.856,0.6700781,-32.99219
Ge,Bulk,,300,E1,6.2,60.972,52.994,0.8691531,-13.084689999999998
Ge,Bulk,,300,E2,6.2,60.972,47.769,0.783458,-21.654200000000003
Ge,Bulk,,300,E3,6.2,60.972,41.78,0.6852326,-31.476740000000003
Ge,Bulk,,300,E1,6.4,60.972,55.754,0.9144197,-8.558030000000006
Ge,Bulk,,300,E2,6.4,60.972,50.168,0.8228039,-17.719609999999996
Ge,Bulk,,300,E3,6.4,60.972,43.952,0.7208555,-27.914450000000002
Ge,Bulk,,300,E1,6.6,60.972,58.545,0.9601948,-3.9805199999999985
Ge,Bulk,,300,E2,6.6,60.972,54.451,0.8930493,-10.695069999999996
Ge,Bulk,,300,E3,6.6,60.972,49.02,0.8039756,-19.602439999999998
Ge,Bulk,,300,E1,6.8,60.972,58.964,0.9670669,-3.293310000000005
Ge,Bulk,,300,E2,6.8,60.972,55.411,0.9087942,-9.12058
Ge,Bulk,,300,E3,6.8,60.972,50.017,0.8203274,-17.967259999999996
Ge,Bulk,,300,E1,7.0,60.972,58.643,0.9618021,-3.8197900000000007
Ge,Bulk,,300,E2,7.0,60.972,55.191,0.905186,-9.481399999999995
Ge,Bulk,,300,E3,7.0,60.972,50.081,0.821377,-17.862299999999998
Ge,Bulk,,300,E1,7.2,60.972,57.078,0.9361346,-6.3865399999999966
Ge,Bulk,,300,E2,7.2,60.972,54.129,0.8877682,-11.22318
Ge,Bulk,,300,E3,7.2,60.972,49.99,0.8198845,-18.01155
Ge,Bulk,,300,E1,7.4,60.972,57.284,0.9395132,-6.048679999999996
Ge,Bulk,,300,E2,7.4,60.972,54.353,0.891442,-10.855800000000004
Ge,Bulk,,300,E3,7.4,60.972,50.47,0.827757,-17.224300000000003
Ge,Bulk,,300,E1,7.6,60.972,58.686,0.9625074,-3.7492599999999987
Ge,Bulk,,300,E2,7.6,60.972,55.908,0.9169455,-8.305450000000004
Ge,Bulk,,300,E3,7.6,60.972,52.589,0.8625107,-13.748930000000003
Ge,Film,100.0,300,E1,0.6,20.723380668707065,21.339359632728367,1.0297238647433355,2.972386474333555
Ge,Film,100.0,300,E1,0.8,20.723380668707065,21.406689542113533,1.0329728476415185,3.2972847641518532
Ge,Film,100.0,300,E1,1.0,20.723380668707065,21.173905160370342,1.0217399129449753,2.173991294497535
Ge,Film,100.0,300,E1,1.2,20.723380668707065,21.083110491861945,1.017358645720294,1.7358645720294108
Ge,Film,100.0,300,E1,1.4,20.723380668707065,21.018674711803108,1.0142493180922911,1.424931809229113
Ge,Film,100.0,300,E1,1.6,20.723380668707065,20.818684849095604,1.0045988722550685,0.4598872255068498
Ge,Film,100.0,300,E1,1.8,20.723380668707065,20.74674644113247,1.0011275077555606,0.11275077555605861
Ge,Film,100.0,300,E1,2.0,20.723380668707065,20.739234860543664,1.0007650388751743,0.07650388751743176
Ge,Film,100.0,300,E1,2.2,20.723380668707065,20.613311440703548,0.9946886451702485,-0.5311354829751536
Ge,Film,100.0,300,E1,2.4,20.723380668707065,20.62666761574618,0.9953331430567732,-0.46668569432267715
Ge,Film,100.0,300,E1,2.6,20.723380668707065,20.607401288788587,0.9944034527101261,-0.559654728987391
Ge,Film,100.0,300,E1,2.8,20.723380668707065,20.597335408044433,0.9939177269057763,-0.6082273094223711
Ge,Film,100.0,300,E1,3.0,20.723380668707065,20.57337690260158,0.9927616170110702,-0.7238382988929759
Ge,Film,100.0,300,E1,3.2,20.723380668707065,20.59565075195511,0.9938364343736236,-0.6163565626376433
Ge,Film,100.0,300,E1,3.4,20.723380668707065,20.69260728064644,0.9985150401591042,-0.14849598408958053
Ge,Film,100.0,300,E1,3.6,20.723380668707065,20.652309813439295,0.9965704989738914,-0.3429501026108617
Ge,Film,100.0,300,E1,3.8,20.723380668707065,20.655780105118268,0.9967379567711712,-0.3262043228828837
Ge,Film,100.0,300,E1,4.0,20.723380668707065,20.55195099562306,0.9917277168322797,-0.8272283167720329
Ge,Film,100.0,300,E1,4.2,20.723380668707065,20.571130441558147,0.9926532147634184,-0.734678523658161
Ge,Film,100.0,300,E1,4.4,20.723380668707065,20.555380176388585,0.9918931908357903,-0.8106809164209694
Ge,Film,100.0,300,E1,4.6,20.723380668707065,20.51881165415111,0.9901285886783492,-0.9871411321650814
Ge,Film,100.0,300,E1,4.8,20.723380668707065,20.446071990564977,0.9866185598491257,-1.338144015087428
Ge,Film,100.0,300,E1,5.0,20.723380668707065,20.354589459516134,0.9822041000410798,-1.779589995892017
Ge,Film,100.0,300,E1,5.2,20.723380668707065,20.182398768835757,0.9738950942165432,-2.610490578345681
Ge,Film,100.0,300,E1,5.4,20.723380668707065,19.76180774673818,0.9535996111184268,-4.640038888157316
Ge,Film,100.0,300,E1,5.6,20.723380668707065,19.324793220361457,0.9325116171582217,-6.748838284177827
Ge,Film,100.0,300,E1,5.8,20.723380668707065,19.2051145718562,0.9267365628647891,-7.326343713521089
Ge,Film,100.0,300,E1,6.0,20.723380668707065,19.364759921570517,0.9344401973376811,-6.555980266231886
Ge,Film,100.0,300,E1,6.2,20.723380668707065,19.71029053686147,0.9511136648966068,-4.888633510339324
Ge,Film,100.0,300,E1,6.4,20.723380668707065,20.257977584879427,0.977542125425008,-2.2457874574992043
Ge,Film,100.0,300,E1,6.6,20.723380668707065,20.56908413977001,0.992554471135588,-0.7445528864411965
Ge,Film,100.0,300,E1,6.8,20.723380668707065,20.744633771797005,1.0010255615833006,0.10255615833005827
Ge,Film,100.0,300,E1,7.0,20.723380668707065,20.82431118029776,1.0048703690389234,0.487036903892335
Ge,Film,100.0,300,E1,7.2,20.723380668707065,20.86509856567685,1.006838551066322,0.683855106632203
Ge,Film,100.0,300,E1,7.4,20.723380668707065,20.900469102958997,1.0085453448490351,0.854534484903513
Ge,Film,100.0,300,E1,7.6,20.723380668707065,20.941985884145527,1.010548723634101,1.0548723634101087
Ge,Film,100.0,300,E2,0.6,20.723380668707065,21.57621018268828,1.0411530110658542,4.115301106585423
Ge,Film,100.0,300,E2,0.8,20.723380668707065,21.67918872124914,1.0461222069807063,4.612220698070635
Ge,Film,100.0,300,E2,1.0,20.723380668707065,21.333222269174236,1.0294277082593986,2.9427708259398555
Ge,Film,100.0,300,E2,1.2,20.723380668707065,21.185556368684377,1.0223021382160495,2.230213821604954
Ge,Film,100.0,300,E2,1.4,20.723380668707065,21.06314529366901,1.0163952315692872,1.6395231569287239
Ge,Film,100.0,300,E2,1.6,20.723380668707065,20.747893839927087,1.001182875111542,0.11828751115419145
Ge,Film,100.0,300,E2,1.8,20.723380668707065,20.62158509379471,0.9950878876115966,-0.4912112388403389
Ge,Film,100.0,300,E2,2.0,20.723380668707065,20.620238136347865,0.9950228906176998,-0.49771093823002266
Ge,Film,100.0,300,E2,2.2,20.723380668707065,20.400532699072464,0.9844210761363801,-1.557892386361992
Ge,Film,100.0,300,E2,2.4,20.723380668707065,20.41162685439613,0.984956420996421,-1.5043579003579
Ge,Film,100.0,300,E2,2.6,20.723380668707065,20.388759608532816,0.9838529694781152,-1.614703052188482
Ge,Film,100.0,300,E2,2.8,20.723380668707065,20.36451749098584,0.9826831739734859,-1.7316826026514076
Ge,Film,100.0,300,E2,3.0,20.723380668707065,20.330876340319374,0.9810598311799394,-1.8940168820060554
Ge,Film,100.0,300,E2,3.2,20.723380668707065,20.358921099119044,0.9824131219025298,-1.758687809747017
Ge,Film,100.0,300,E2,3.4,20.723380668707065,20.484099617839313,0.9884535706459769,-1.1546429354023058
Ge,Film,100.0,300,E2,3.6,20.723380668707065,20.348054746169343,0.9818887695720189,-1.8111230427981129
Ge,Film,100.0,300,E2,3.8,20.723380668707065,20.350733245579427,0.9820180196906605,-1.7981980309339507
Ge,Film,100.0,300,E2,4.0,20.723380668707065,20.1340812112618,0.9715635461768493,-2.8436453823150742
Ge,Film,100.0,300,E2,4.2,20.723380668707065,20.044832311340663,0.9672568695130408,-3.2743130486959204
Ge,Film,100.0,300,E2,4.4,20.723380668707065,19.985736380623273,0.9644052145797979,-3.5594785420202113
Ge,Film,100.0,300,E2,4.6,20.723380668707065,19.99317697113159,0.9647642578569188,-3.523574214308123
Ge,Film,100.0,300,E2,4.8,20.723380668707065,20.02372990817848,0.9662385799057835,-3.3761420094216454
Ge,Film,100.0,300,E2,5.0,20.723380668707065,19.85291365789091,0.9579958972557703,-4.200410274422972
Ge,Film,100.0,300,E2,5.2,20.723380668707065,19.57314982717184,0.9444959845151081,-5.550401548489193
Ge,Film,100.0,300,E2,5.4,20.723380668707065,18.961254259632145,0.9149691627420721,-8.503083725792793
Ge,Film,100.0,300,E2,5.6,20.723380668707065,18.2646754062426,0.881355976528618,-11.864402347138203
Ge,Film,100.0,300,E2,5.8,20.723380668707065,18.10826170417685,0.8738082841628672,-12.619171583713285
Ge,Film,100.0,300,E2,6.0,20.723380668707065,18.349572900224977,0.885452677512863,-11.454732248713695
Ge,Film,100.0,300,E2,6.2,20.723380668707065,18.888771171993714,0.9114715149018293,-8.852848509817068
Ge,Film,100.0,300,E2,6.4,20.723380668707065,19.732685115412583,0.9521943080073579,-4.780569199264207
Ge,Film,100.0,300,E2,6.6,20.723380668707065,20.26172055635656,0.9777227412973394,-2.227725870266062
Ge,Film,100.0,300,E2,6.8,20.723380668707065,20.544792727320768,0.9913822969214685,-0.8617703078531491
Ge,Film,100.0,300,E2,7.0,20.723380668707065,20.695944522873223,0.9986760776983037,-0.1323922301696312
Ge,Film,100.0,300,E2,7.2,20.723380668707065,20.677250599035677,0.9977740084782091,-0.22259915217909265
Ge,Film,100.0,300,E2,7.4,20.723380668707065,20.643951056078897,0.9961671498536864,-0.38328501463136266
Ge,Film,100.0,300,E2,7.6,20.723380668707065,20.654068338632587,0.9966553560356519,-0.3344643964348082
Ge,Film,100.0,300,E3,0.6,20.723380668707065,21.72351567581559,1.04826118976904,4.8261189769039925
Ge,Film,100.0,300,E3,0.8,20.723380668707065,21.765926471651028,1.0503077089404742,5.0307708940474205
Ge,Film,100.0,300,E3,1.0,20.723380668707065,21.381063113024062,1.0317362526332452,3.17362526332452
Ge,Film,100.0,300,E3,1.2,20.723380668707065,21.185074692263814,1.0222788950768984,2.2278895076898397
Ge,Film,100.0,300,E3,1.4,20.723380668707065,21.0065753369048,1.013665466688327,1.366546668832691
Ge,Film,100.0,300,E3,1.6,20.723380668707065,20.53050534317399,0.9906928638422241,-0.9307136157775897
Ge,Film,100.0,300,E3,1.8,20.723380668707065,20.30532794200644,0.9798270015214313,-2.0172998478568682
Ge,Film,100.0,300,E3,2.0,20.723380668707065,20.31059890340563,0.9800813500509234,-1.991864994907655
Ge,Film,100.0,300,E3,2.2,20.723380668707065,19.985028707652106,0.9643710660505361,-3.562893394946387
Ge,Film,100.0,300,E3,2.4,20.723380668707065,19.981820781621156,0.9642162686223447,-3.5783731377655337
Ge,Film,100.0,300,E3,2.6,20.723380668707065,19.939599615884244,0.9621788999896935,-3.7821100010306474
Ge,Film,100.0,300,E3,2.8,20.723380668707065,19.942425143066256,0.962315244885692,-3.768475511430802
Ge,Film,100.0,300,E3,3.0,20.723380668707065,19.885291433530885,0.9595582762979535,-4.044172370204646
Ge,Film,100.0,300,E3,3.2,20.723380668707065,19.93550140428649,0.9619811421207788,-3.8018857879221213
Ge,Film,100.0,300,E3,3.4,20.723380668707065,20.025080598797253,0.9663037570426785,-3.3696242957321543
Ge,Film,100.0,300,E3,3.6,20.723380668707065,19.769418486140665,0.953966864875145,-4.603313512485496
Ge,Film,100.0,300,E3,3.8,20.723380668707065,19.744950719511493,0.9527861807473801,-4.7213819252619915
Ge,Film,100.0,300,E3,4.0,20.723380668707065,19.347085984170292,0.9335873472316696,-6.641265276833042
Ge,Film,100.0,300,E3,4.2,20.723380668707065,19.09118474759912,0.9212389162173423,-7.8761083782657675
Ge,Film,100.0,300,E3,4.4,20.723380668707065,18.897560634273994,0.9118956475479836,-8.810435245201642
Ge,Film,100.0,300,E3,4.6,20.723380668707065,18.901434391375055,0.9120825744380981,-8.791742556190185
Ge,Film,100.0,300,E3,4.8,20.723380668707065,18.99984768057627,0.9168314757286015,-8.316852427139853
Ge,Film,100.0,300,E3,5.0,20.723380668707065,18.84564108968124,0.9093902867951816,-9.060971320481837
Ge,Film,100.0,300,E3,5.2,20.723380668707065,18.467115106140653,0.8911246384633834,-10.887536153661658
Ge,Film,100.0,300,E3,5.4,20.723380668707065,17.68616690577927,0.8534402368280538,-14.655976317194618
Ge,Film,100.0,300,E3,5.6,20.723380668707065,16.740509544002972,0.8078078481317312,-19.219215186826876
Ge,Film,100.0,300,E3,5.8,20.723380668707065,16.590912222302755,0.8005890779855015,-19.94109220144985
Ge,Film,100.0,300,E3,6.0,20.723380668707065,16.957805607177992,0.8182933990487755,-18.17066009512245
Ge,Film,100.0,300,E3,6.2,20.723380668707065,17.75243808747634,0.8566381311656867,-14.336186883431335
Ge,Film,100.0,300,E3,6.4,20.723380668707065,18.970210942958687,0.9154013645854743,-8.459863541452572
Ge,Film,100.0,300,E3,6.6,20.723380668707065,19.733914931736983,0.9522536523944568,-4.774634760554319
Ge,Film,100.0,300,E3,6.8,20.723380668707065,20.14241015492585,0.9719654566468251,-2.80345433531749
Ge,Film,100.0,300,E3,7.0,20.723380668707065,20.35217731068821,0.9820877025832284,-1.7912297416771583
Ge,Film,100.0,300,E3,7.2,20.723380668707065,20.279710419170225,0.9785908362815149,-2.1409163718485114
Ge,Film,100.0,300,E3,7.4,20.723380668707065,20.11590514223572,0.9706864658724023,-2.931353412759774
Ge,Film,100.0,300,E3,7.6,20.723380668707065,20.082558053352862,0.9690773129346668,-3.0922687065333188
Si,Bulk,,300,E1,0.8,145.46,141.59,0.9733947,-2.6605300000000054
Si,Bulk,,300,E2,0.8,145.46,137.96,0.9484394,-5.156059999999996
Si,Bulk,,300,E3,0.8,145.46,131.27,0.9024474,-9.75526
Si,Bulk,,300,E1,1.2,145.46,143.33,0.9853568,-1.4643199999999967
Si,Bulk,,300,E2,1.2,145.46,141.33,0.9716073,-2.839270000000005
Si,Bulk,,300,E3,1.2,145.46,137.69,0.9465833,-5.341669999999999
Si,Bulk,,300,E1,1.6,145.46,144.04,0.9902379,-0.9762099999999996
Si,Bulk,,300,E2,1.6,145.46,142.55,0.9799945,-2.000550000000001
Si,Bulk,,300,E3,1.6,145.46,139.69,0.9603327,-3.966729999999996
Si,Bulk,,300,E1,2.0,145.46,143.88,0.9891379,-1.0862099999999986
Si,Bulk,,300,E2,2.0,145.46,142.36,0.9786883,-2.1311700000000044
Si,Bulk,,300,E3,2.0,145.46,139.63,0.9599203,-4.007970000000006
Si,Bulk,,300,E1,2.4,145.46,143.54,0.9868005,-1.319950000000003
Si,Bulk,,300,E2,2.4,145.46,141.77,0.9746322,-2.536780000000005
Si,Bulk,,300,E3,2.4,145.46,138.72,0.9536642,-4.633580000000004
Si,Bulk,,300,E1,2.8,145.46,143.87,0.9890692,-1.0930800000000018
Si,Bulk,,300,E2,2.8,145.46,142.24,0.9778633,-2.213670000000001
Si,Bulk,,300,E3,2.8,145.46,139.19,0.9568954,-4.310460000000004
Si,Bulk,,300,E1,3.2,145.46,142.58,0.9802007,-1.9799299999999964
Si,Bulk,,300,E2,3.2,145.46,139.9,0.9617764,-3.8223600000000024
Si,Bulk,,300,E3,3.2,145.46,135.15,0.9291214,-7.087860000000001
Si,Bulk,,300,E1,3.6,145.46,140.14,0.9634264,-3.6573599999999984
Si,Bulk,,300,E2,3.6,145.46,135.88,0.93414,-6.586000000000003
Si,Bulk,,300,E3,3.6,145.46,129.15,0.887873,-11.212699999999998
Si,Bulk,,300,E1,4.0,145.46,141.1,0.9700261,-2.9973899999999998
Si,Bulk,,300,E2,4.0,145.46,136.85,0.9408085,-5.919149999999995
Si,Bulk,,300,E3,4.0,145.46,129.35,0.8892479,-11.075210000000002
Si,Bulk,,300,E1,4.4,145.46,142.4,0.9789633,-2.103670000000002
Si,Bulk,,300,E2,4.4,145.46,138.74,0.9538017,-4.619830000000002
Si,Bulk,,300,E3,4.4,145.46,130.63,0.8980476,-10.195240000000005
Si,Bulk,,300,E1,4.8,145.46,142.53,0.979857,-2.014300000000002
Si,Bulk,,300,E2,4.8,145.46,138.33,0.9509831,-4.901690000000003
Si,Bulk,,300,E3,4.8,145.46,130.26,0.8955039,-10.449609999999998
Si,Bulk,,300,E1,5.2,145.46,144.35,0.992369,-0.7631000000000054
Si,Bulk,,300,E2,5.2,145.46,140.84,0.9682387,-3.1761299999999992
Si,Bulk,,300,E3,5.2,145.46,132.83,0.913172,-8.682800000000002
Si,Bulk,,300,E1,5.6,145.46,145.12,0.9976626,-0.2337400000000045
Si,Bulk,,300,E2,5.6,145.46,139.89,0.9617077,-3.8292299999999946
Si,Bulk,,300,E3,5.6,145.46,130.67,0.8983226,-10.167740000000002
Si,Bulk,,300,E1,6.0,145.46,144.54,0.9936752,-0.6324800000000019
Si,Bulk,,300,E2,6.0,145.46,140.82,0.9681012,-3.1898800000000005
Si,Bulk,,300,E3,6.0,145.46,132.37,0.9100096,-8.999040000000003
Si,Bulk,,300,E1,6.4,145.46,143.71,0.9879692,-1.2030800000000008
Si,Bulk,,300,E2,6.4,145.46,140.33,0.9647326,-3.526739999999995
Si,Bulk,,300,E3,6.4,145.46,133.42,0.9172281,-8.277190000000001
Si,Bulk,,300,E1,6.8,145.46,141.04,0.9696136,-3.0386400000000036
Si,Bulk,,300,E2,6.8,145.46,135.79,0.9335212,-6.647879999999995
Si,Bulk,,300,E3,6.8,145.46,126.84,0.8719923,-12.800769999999995
Si,Bulk,,300,E1,7.2,145.46,141.82,0.9749759,-2.5024099999999994
Si,Bulk,,300,E2,7.2,145.46,136.33,0.9372336,-6.27664
Si,Bulk,,300,E3,7.2,145.46,127.06,0.8735047,-12.649529999999999
Si,Bulk,,300,E1,7.6,145.46,141.66,0.973876,-2.6124000000000036
Si,Bulk,,300,E2,7.6,145.46,135.74,0.9331775,-6.682250000000001
Si,Bulk,,300,E3,7.6,145.46,125.86,0.8652551,-13.474489999999994
Si,Bulk,,300,E1,8.0,145.46,142.06,0.9766259,-2.3374099999999953
Si,Bulk,,300,E2,8.0,145.46,136.05,0.9353087,-6.469130000000001
Si,Bulk,,300,E3,8.0,145.46,125.98,0.86608,-13.392000000000003
Si,Bulk,,300,E1,8.4,145.46,141.0,0.9693386,-3.066139999999995
Si,Bulk,,300,E2,8.4,145.46,135.05,0.9284339,-7.156609999999997
Si,Bulk,,300,E3,8.4,145.46,124.98,0.8592053,-14.079470000000004
Si,Bulk,,300,E1,8.8,145.46,139.37,0.9581328,-4.186719999999999
Si,Bulk,,300,E2,8.8,145.46,132.01,0.9075347,-9.246529999999996
Si,Bulk,,300,E3,8.8,145.46,120.18,0.8262065,-17.379350000000006
Si,Bulk,,300,E1,9.2,145.46,138.1,0.9494019,-5.059809999999998
Si,Bulk,,300,E2,9.2,145.46,130.41,0.8965351,-10.346489999999998
Si,Bulk,,300,E3,9.2,145.46,117.94,0.8108071,-18.91929
Si,Bulk,,300,E1,9.6,145.46,135.38,0.9307026,-6.929739999999995
Si,Bulk,,300,E2,9.6,145.46,126.06,0.86663,-13.337
Si,Bulk,,300,E3,9.6,145.46,111.39,0.7657775,-23.42225
Si,Bulk,,300,E1,10.0,145.46,130.07,0.8941977,-10.580230000000002
Si,Bulk,,300,E2,10.0,145.46,118.96,0.8178193,-18.218069999999997
Si,Bulk,,300,E3,10.0,145.46,102.65,0.7056923,-29.430769999999995
Si,Bulk,,300,E1,10.4,145.46,125.21,0.8607865,-13.921349999999999
Si,Bulk,,300,E2,10.4,145.46,112.65,0.7744397,-22.556030000000003
Si,Bulk,,300,E3,10.4,145.46,96.335,0.6622783,-33.77217
Si,Bulk,,300,E1,10.8,145.46,125.33,0.8616114,-13.838859999999997
Si,Bulk,,300,E2,10.8,145.46,112.72,0.7749209,-22.50791
Si,Bulk,,300,E3,10.8,145.46,97.036,0.6670975,-33.29025
Si,Bulk,,300,E1,11.2,145.46,128.36,0.8824419,-11.75581
Si,Bulk,,300,E2,11.2,145.46,117.75,0.8095009,-19.049910000000004
Si,Bulk,,300,E3,11.2,145.46,105.12,0.7226729,-27.732710000000004
Si,Bulk,,300,E1,11.6,145.46,130.99,0.9005225,-9.94775
Si,Bulk,,300,E2,11.6,145.46,117.94,0.8108071,-18.91929
Si,Bulk,,300,E3,11.6,145.46,103.24,0.7097484,-29.025160000000007
Si,Bulk,,300,E1,12.0,145.46,136.64,0.9393648,-6.0635200000000005
Si,Bulk,,300,E2,12.0,145.46,127.7,0.8779046,-12.209539999999997
Si,Bulk,,300,E3,12.0,145.46,116.04,0.7977451,-20.22549
Si,Bulk,,300,E1,12.4,145.46,135.66,0.9326275,-6.737249999999994
Si,Bulk,,300,E2,12.4,145.46,126.33,0.8684862,-13.151380000000001
Si,Bulk,,300,E3,12.4,145.46,114.05,0.7840643,-21.593569999999996
Si,Bulk,,300,E1,12.8,145.46,132.26,0.9092534,-9.074660000000002
Si,Bulk,,300,E2,12.8,145.46,123.4,0.8483432,-15.165680000000004
Si,Bulk,,300,E3,12.8,145.46,111.88,0.7691462,-23.08538
Si,Bulk,,300,E1,13.2,145.46,128.02,0.8801045,-11.989550000000005
Si,Bulk,,300,E2,13.2,145.46,119.13,0.818988,-18.101199999999995
Si,Bulk,,300,E3,13.2,145.46,108.63,0.7468032,-25.319679999999998
Si,Bulk,,300,E1,13.6,145.46,134.64,0.9256153,-7.438469999999997
Si,Bulk,,300,E2,13.6,145.46,128.67,0.8845731,-11.54269
Si,Bulk,,300,E3,13.6,145.46,120.76,0.8301939,-16.980609999999995
Si,Film,100.0,300,E1,0.8,42.35026872971173,45.25808887801134,1.068661197095535,6.866119709553509
Si,Film,100.0,300,E1,1.2,42.35026872971173,44.611542895529865,1.053394564748811,5.339456474881099
Si,Film,100.0,300,E1,1.6,42.35026872971173,44.162162396331624,1.0427835223002664,4.278352230026639
Si,Film,100.0,300,E1,2.0,42.35026872971173,43.53432185495276,1.0279585740718176,2.7958574071817566
Si,Film,100.0,300,E1,2.4,42.35026872971173,43.75254822905404,1.0331114663827037,3.311146638270368
Si,Film,100.0,300,E1,2.8,42.35026872971173,43.28331954199428,1.022031756592561,2.203175659256096
Si,Film,100.0,300,E1,3.2,42.35026872971173,42.61470640706869,1.006244061378799,0.6244061378799071
Si,Film,100.0,300,E1,3.6,42.35026872971173,42.65339894718589,1.007157692892312,0.7157692892312051
Si,Film,100.0,300,E1,4.0,42.35026872971173,42.43138881078539,1.0019154561117756,0.19154561117755708
Si,Film,100.0,300,E1,4.4,42.35026872971173,42.197627971148755,0.9963957546636325,-0.36042453363674953
Si,Film,100.0,300,E1,4.8,42.35026872971173,42.15916050647637,0.9954874377668049,-0.4512562233195072
Si,Film,100.0,300,E1,5.2,42.35026872971173,42.35415766493689,1.0000918278759925,0.009182787599248954
Si,Film,100.0,300,E1,5.6,42.35026872971173,42.35992665345035,1.00022804870024,0.022804870023995782
Si,Film,100.0,300,E1,6.0,42.35026872971173,42.335339412109086,0.999647479979456,-0.035252002054397824
Si,Film,100.0,300,E1,6.4,42.35026872971173,42.29184541125323,0.9986204734890498,-0.13795265109501909
Si,Film,100.0,300,E1,6.8,42.35026872971173,42.306730312826446,0.9989719447316107,-0.10280552683893385
Si,Film,100.0,300,E1,7.2,42.35026872971173,42.1236795832932,0.9946496408826904,-0.5350359117309633
Si,Film,100.0,300,E1,7.6,42.35026872971173,42.00956036774062,0.9919549893733713,-0.8045010626628657
Si,Film,100.0,300,E1,8.0,42.35026872971173,41.93149988499979,0.9901117783364113,-0.9888221663588714
Si,Film,100.0,300,E1,8.4,42.35026872971173,41.71017824242151,0.9848857986858264,-1.5114201314173625
Si,Film,100.0,300,E1,8.8,42.35026872971173,41.51772480418775,0.9803414724275435,-1.9658527572456452
Si,Film,100.0,300,E1,9.2,42.35026872971173,41.36262890614574,0.9766792548621281,-2.3320745137871857
Si,Film,100.0,300,E1,9.6,42.35026872971173,41.00318271483765,0.9681917953467671,-3.1808204653232863
Si,Film,100.0,300,E1,10.0,42.35026872971173,40.63035119896346,0.9593882735024625,-4.061172649753752
Si,Film,100.0,300,E1,10.4,42.35026872971173,40.80671016455209,0.9635525673990182,-3.644743260098182
Si,Film,100.0,300,E1,10.8,42.35026872971173,41.10596621410845,0.9706187811098749,-2.9381218890125127
Si,Film,100.0,300,E1,11.2,42.35026872971173,41.75266991848018,0.985889137680671,-1.411086231932901
Si,Film,100.0,300,E1,11.6,42.35026872971173,42.28714113251392,0.9985093932319368,-0.14906067680632296
Si,Film,100.0,300,E1,12.0,42.35026872971173,42.59392677981828,1.0057534003305062,0.5753400330506198
Si,Film,100.0,300,E1,12.4,42.35026872971173,42.671656287578,1.007588796187279,0.7588796187278923
Si,Film,100.0,300,E1,12.8,42.35026872971173,42.68086508364561,1.0078062398150012,0.780623981500117
Si,Film,100.0,300,E1,13.2,42.35026872971173,42.632340499039046,1.0066604481574264,0.6660448157426391
Si,Film,100.0,300,E1,13.6,42.35026872971173,42.6638487915006,1.0074044408971807,0.7404440897180731
Si,Film,100.0,300,E2,0.8,42.35026872971173,46.62078256235632,1.1008379394213506,10.083793942135056
Si,Film,100.0,300,E2,1.2,42.35026872971173,45.644572282323914,1.0777870755351546,7.778707553515463
Si,Film,100.0,300,E2,1.6,42.35026872971173,44.6940384238658,1.0553424987480597,5.534249874805974
Si,Film,100.0,300,E2,2.0,42.35026872971173,43.78304003165832,1.0338314571529836,3.3831457152983635
Si,Film,100.0,300,E2,2.4,42.35026872971173,44.14604257236107,1.0424028913278058,4.240289132780584
Si,Film,100.0,300,E2,2.8,42.35026872971173,43.459633615048475,1.0261949904596106,2.61949904596106
Si,Film,100.0,300,E2,3.2,42.35026872971173,42.362890151201114,1.00029802459035,0.029802459035010997
Si,Film,100.0,300,E2,3.6,42.35026872971173,42.3244989117435,0.9993915075691089,-0.06084924308911166
Si,Film,100.0,300,E2,4.0,42.35026872971173,41.878429134149314,0.9888586398689984,-1.1141360131001643
Si,Film,100.0,300,E2,4.4,42.35026872971173,41.50328319174398,0.9800004683943475,-1.9999531605652487
Si,Film,100.0,300,E2,4.8,42.35026872971173,41.459284683777874,0.9789615491788186,-2.1038450821181387
Si,Film,100.0,300,E2,5.2,42.35026872971173,41.779519373350254,0.9865231231470073,-1.3476876852992703
Si,Film,100.0,300,E2,5.6,42.35026872971173,41.86331900194137,0.9885018503453148,-1.1498149654685208
Si,Film,100.0,300,E2,6.0,42.35026872971173,41.82206682775985,0.9875277792137996,-1.247222078620036
Si,Film,100.0,300,E2,6.4,42.35026872971173,41.71606054774986,0.9850246952148163,-1.4975304785183718
Si,Film,100.0,300,E2,6.8,42.35026872971173,41.637313091033846,0.9831652629354464,-1.6834737064553629
Si,Film,100.0,300,E2,7.2,42.35026872971173,41.17654507028762,0.9722853314836073,-2.7714668516392704
Si,Film,100.0,300,E2,7.6,42.35026872971173,40.864746134207394,0.9649229475972101,-3.507705240278991
Si,Film,100.0,300,E2,8.0,42.35026872971173,40.510672911312945,0.9565623578414704,-4.343764215852963
Si,Film,100.0,300,E2,8.4,42.35026872971173,40.19411018236999,0.9490874884147066,-5.091251158529342
Si,Film,100.0,300,E2,8.8,42.35026872971173,39.78315627070644,0.9393837976474451,-6.061620235255494
Si,Film,100.0,300,E2,9.2,42.35026872971173,39.63759758785347,0.9359467785394446,-6.4053221460555365
Si,Film,100.0,300,E2,9.6,42.35026872971173,39.09227773475106,0.9230703584018829,-7.6929641598117104
Si,Film,100.0,300,E2,10.0,42.35026872971173,38.80658986636875,0.9163245247401032,-8.367547525989682
Si,Film,100.0,300,E2,10.4,42.35026872971173,39.03650380572554,0.9217533908666475,-7.824660913335246
Si,Film,100.0,300,E2,10.8,42.35026872971173,39.59804027145498,0.9350127274086016,-6.4987272591398355
Si,Film,100.0,300,E2,11.2,42.35026872971173,40.66679352690008,0.9602487716534707,-3.9751228346529333
Si,Film,100.0,300,E2,11.6,42.35026872971173,41.65586597960635,0.9836033448916888,-1.639665510831123
Si,Film,100.0,300,E2,12.0,42.35026872971173,42.23728422280503,0.9973321419132476,-0.2667858086752406
Si,Film,100.0,300,E2,12.4,42.35026872971173,42.4071154335902,1.0013422985398577,0.1342298539857678
Si,Film,100.0,300,E2,12.8,42.35026872971173,42.37757333725297,1.0006447328047787,0.06447328047787249
Si,Film,100.0,300,E2,13.2,42.35026872971173,42.26778692339249,0.998052390013257,-0.19476099867430374
Si,Film,100.0,300,E2,13.6,42.35026872971173,42.212450020337144,0.9967457417979052,-0.3254258202094795
Si,Film,100.0,300,E3,0.8,42.35026872971173,47.815558865192365,1.1290497156077393,12.904971560773927
Si,Film,100.0,300,E3,1.2,42.35026872971173,46.61359216263053,1.1006681553812143,10.066815538121432
Si,Film,100.0,300,E3,1.6,42.35026872971173,44.675446206995474,1.054903488148411,5.490348814841095
Si,Film,100.0,300,E3,2.0,42.35026872971173,43.65490666810122,1.030805895157737,3.0805895157737018
Si,Film,100.0,300,E3,2.4,42.35026872971173,44.35993352563657,1.047453413076336,4.745341307633599
Si,Film,100.0,300,E3,2.8,42.35026872971173,43.3884457863638,1.0245140606610537,2.451406066105366
Si,Film,100.0,300,E3,3.2,42.35026872971173,41.64076439112407,0.9832467571075909,-1.6753242892409093
Si,Film,100.0,300,E3,3.6,42.35026872971173,41.65006299687831,0.9834663213756145,-1.6533678624385484
Si,Film,100.0,300,E3,4.0,42.35026872971173,40.94047469065535,0.9667110957889316,-3.328890421106845
Si,Film,100.0,300,E3,4.4,42.35026872971173,40.27726086400139,0.9510508922873498,-4.894910771265016
Si,Film,100.0,300,E3,4.8,42.35026872971173,40.182788910781206,0.9488201637452685,-5.117983625473155
Si,Film,100.0,300,E3,5.2,42.35026872971173,40.777331338236706,0.962858856893829,-3.7141143106171004
Si,Film,100.0,300,E3,5.6,42.35026872971173,40.88357321466575,0.965367503937065,-3.4632496062934948
Si,Film,100.0,300,E3,6.0,42.35026872971173,40.82964743191242,0.9640941759424425,-3.590582405755749
Si,Film,100.0,300,E3,6.4,42.35026872971173,40.67236043462011,0.9603802208245624,-3.9619779175437575
Si,Film,100.0,300,E3,6.8,42.35026872971173,40.36557629049413,0.9531362492199443,-4.686375078005566
Si,Film,100.0,300,E3,7.2,42.35026872971173,39.39070642468077,0.9301170359999483,-6.988296400005167
Si,Film,100.0,300,E3,7.6,42.35026872971173,38.7613980119105,0.9152574275099374,-8.474257249006257
Si,Film,100.0,300,E3,8.0,42.35026872971173,38.05674397862732,0.8986187129416678,-10.138128705833216
Si,Film,100.0,300,E3,8.4,42.35026872971173,37.55623650219892,0.8868004295767442,-11.31995704232558
Si,Film,100.0,300,E3,8.8,42.35026872971173,36.84877940762072,0.8700955274403884,-12.990447255961158
Si,Film,100.0,300,E3,9.2,42.35026872971173,36.55110037258106,0.8630665511441693,-13.69334488558307
Si,Film,100.0,300,E3,9.6,42.35026872971173,35.78368061123495,0.8449457744793517,-15.505422552064829
Si,Film,100.0,300,E3,10.0,42.35026872971173,35.71547210502911,0.8433351942338954,-15.666480576610464
Si,Film,100.0,300,E3,10.4,42.35026872971173,36.141036360935615,0.8533838732310123,-14.661612676898772
Si,Film,100.0,300,E3,10.8,42.35026872971173,37.09726592302962,0.875962940395777,-12.403705960422295
Si,Film,100.0,300,E3,11.2,42.35026872971173,38.89983465542111,0.9185262767442631,-8.147372325573688
Si,Film,100.0,300,E3,11.6,42.35026872971173,40.54331602309544,0.9573331466171174,-4.266685338288257
Si,Film,100.0,300,E3,12.0,42.35026872971173,41.53739565246233,0.9808059523202244,-1.9194047679775617
Si,Film,100.0,300,E3,12.4,42.35026872971173,41.83772445148012,0.9878974964361437,-1.2102503563856337
Si,Film,100.0,300,E3,12.8,42.35026872971173,41.78390351410621,0.9866266441136375,-1.337335588636246
Si,Film,100.0,300,E3,13.2,42.35026872971173,41.4318797996474,0.9783144485829434,-2.1685551417056637
Si,Film,100.0,300,E3,13.6,42.35026872971173,41.27279046032692,0.974557935481791,-2.544206451820896
SiC,Bulk,,300,E1,2.0,451.3,445.98,0.9882118,-1.1788200000000026
SiC,Bulk,,300,E2,2.0,451.3,440.76,0.9766452,-2.335480000000001
SiC,Bulk,,300,E3,2.0,451.3,431.08,0.9551961,-4.480390000000001
SiC,Bulk,,300,E1,2.5,451.3,445.62,0.9874141,-1.2585900000000039
SiC,Bulk,,300,E2,2.5,451.3,440.04,0.9750499,-2.4950099999999975
SiC,Bulk,,300,E3,2.5,451.3,429.59,0.9518945,-4.810550000000003
SiC,Bulk,,300,E1,3.0,451.3,450.65,0.9985597,-0.144029999999995
SiC,Bulk,,300,E2,3.0,451.3,450.01,0.9971416,-0.28584000000000387
SiC,Bulk,,300,E3,3.0,451.3,448.72,0.9942832,-0.5716799999999966
SiC,Bulk,,300,E1,3.5,451.3,437.1,0.9685353,-3.146470000000001
SiC,Bulk,,300,E2,3.5,451.3,423.85,0.9391757,-6.082430000000006
SiC,Bulk,,300,E3,3.5,451.3,401.8,0.8903169,-10.968310000000002
SiC,Bulk,,300,E1,4.0,451.3,438.39,0.9713938,-2.8606200000000026
SiC,Bulk,,300,E2,4.0,451.3,427.25,0.9467095,-5.329050000000002
SiC,Bulk,,300,E3,4.0,451.3,409.94,0.9083536,-9.164640000000002
SiC,Bulk,,300,E1,4.5,451.3,427.7,0.9477066,-5.229340000000004
SiC,Bulk,,300,E2,4.5,451.3,407.66,0.9033016,-9.669839999999997
SiC,Bulk,,300,E3,4.5,451.3,375.84,0.8327942,-16.720579999999995
SiC,Bulk,,300,E1,5.0,451.3,435.85,0.9657656,-3.42344
SiC,Bulk,,300,E2,5.0,451.3,419.61,0.9297806,-7.021940000000004
SiC,Bulk,,300,E3,5.0,451.3,393.49,0.8719034,-12.809660000000001
SiC,Bulk,,300,E1,5.5,451.3,438.11,0.9707733,-2.922670000000005
SiC,Bulk,,300,E2,5.5,451.3,425.77,0.9434301,-5.656989999999995
SiC,Bulk,,300,E3,5.5,451.3,404.59,0.896499,-10.350099999999996
SiC,Bulk,,300,E1,6.0,451.3,432.64,0.9586528,-4.134720000000003
SiC,Bulk,,300,E2,6.0,451.3,416.05,0.9218923,-7.81077
SiC,Bulk,,300,E3,6.0,451.3,388.35,0.8605141,-13.948590000000005
SiC,Bulk,,300,E1,6.5,451.3,447.4,0.9913583,-0.8641699999999974
SiC,Bulk,,300,E2,6.5,451.3,441.79,0.9789275,-2.107250000000005
SiC,Bulk,,300,E3,6.5,451.3,430.79,0.9545535,-4.5446499999999945
SiC,Bulk,,300,E1,7.0,451.3,420.59,0.9319521,-6.804790000000005
SiC,Bulk,,300,E2,7.0,451.3,394.87,0.8749612,-12.50388
SiC,Bulk,,300,E3,7.0,451.3,356.97,0.7909816,-20.901840000000004
SiC,Bulk,,300,E1,7.5,451.3,445.86,0.9879459,-1.2054099999999957
SiC,Bulk,,300,E2,7.5,451.3,439.43,0.9736982,-2.630180000000004
SiC,Bulk,,300,E3,7.5,451.3,425.09,0.9419233,-5.807669999999998
SiC,Bulk,,300,E1,8.0,451.3,438.8,0.9723022,-2.7697799999999995
SiC,Bulk,,300,E2,8.0,451.3,427.68,0.9476623,-5.233770000000004
SiC,Bulk,,300,E3,8.0,451.3,408.52,0.9052072,-9.479280000000001
SiC,Bulk,,300,E1,8.5,451.3,443.18,0.9820075,-1.7992499999999967
SiC,Bulk,,300,E2,8.5,451.3,432.41,0.9581431,-4.1856899999999975
SiC,Bulk,,300,E3,8.5,451.3,413.16,0.9154886,-8.451140000000002
SiC,Bulk,,300,E1,9.0,451.3,439.06,0.9728784,-2.712159999999997
SiC,Bulk,,300,E2,9.0,451.3,424.49,0.9405938,-5.9406199999999965
SiC,Bulk,,300,E3,9.0,451.3,400.55,0.8875471,-11.245289999999997
SiC,Bulk,,300,E1,9.5,451.3,443.54,0.9828052,-1.7194799999999955
SiC,Bulk,,300,E2,9.5,451.3,435.31,0.964569,-3.543099999999999
SiC,Bulk,,300,E3,9.5,451.3,420.88,0.9325947,-6.74053
SiC,Bulk,,300,E1,10.0,451.3,446.92,0.9902947,-0.9705300000000028
SiC,Bulk,,300,E2,10.0,451.3,440.7,0.9765123,-2.34877
SiC,Bulk,,300,E3,10.0,451.3,426.49,0.9450255,-5.497450000000004
SiC,Bulk,,300,E1,10.5,451.3,446.93,0.9903169,-0.9683099999999945
SiC,Bulk,,300,E2,10.5,451.3,439.59,0.9740527,-2.5947300000000006
SiC,Bulk,,300,E3,10.5,451.3,424.4,0.9403944,-5.960560000000004
SiC,Bulk,,300,E1,11.0,451.3,446.99,0.9904498,-0.9550199999999953
SiC,Bulk,,300,E2,11.0,451.3,439.99,0.9749391,-2.5060900000000053
SiC,Bulk,,300,E3,11.0,451.3,423.42,0.9382229,-6.177710000000003
SiC,Bulk,,300,E1,11.5,451.3,443.57,0.9828717,-1.7128299999999985
SiC,Bulk,,300,E2,11.5,451.3,432.21,0.9577,-4.23
SiC,Bulk,,300,E3,11.5,451.3,411.79,0.9124529,-8.75471
SiC,Bulk,,300,E1,12.0,451.3,442.5,0.9805008,-1.949920000000005
SiC,Bulk,,300,E2,12.0,451.3,428.3,0.9490361,-5.096389999999995
SiC,Bulk,,300,E3,12.0,451.3,400.89,0.8883005,-11.169949999999995
SiC,Bulk,,300,E1,12.5,451.3,442.17,0.9797696,-2.023039999999998
SiC,Bulk,,300,E2,12.5,451.3,429.56,0.9518281,-4.8171900000000045
SiC,Bulk,,300,E3,12.5,451.3,406.68,0.9011301,-9.886989999999996
SiC,Bulk,,300,E1,13.0,451.3,435.72,0.9654775,-3.452250000000001
SiC,Bulk,,300,E2,13.0,451.3,415.11,0.9198094,-8.01906
SiC,Bulk,,300,E3,13.0,451.3,380.68,0.8435187,-15.648130000000005
SiC,Bulk,,300,E1,13.5,451.3,435.88,0.965832,-3.4167999999999976
SiC,Bulk,,300,E2,13.5,451.3,418.65,0.9276534,-7.234660000000003
SiC,Bulk,,300,E3,13.5,451.3,390.27,0.8647684,-13.52316
SiC,Bulk,,300,E1,14.0,451.3,427.92,0.9481941,-5.180589999999996
SiC,Bulk,,300,E2,14.0,451.3,406.19,0.9000443,-9.995569999999997
SiC,Bulk,,300,E3,14.0,451.3,373.9,0.8284955,-17.150449999999996
SiC,Bulk,,300,E1,14.5,451.3,432.73,0.9588522,-4.114779999999996
SiC,Bulk,,300,E2,14.5,451.3,414.8,0.9191225,-8.087750000000005
SiC,Bulk,,300,E3,14.5,451.3,387.52,0.8586749,-14.132509999999998
SiC,Bulk,,300,E1,15.0,451.3,414.42,0.9182805,-8.171949999999995
SiC,Bulk,,300,E2,15.0,451.3,382.16,0.8467981,-15.32019
SiC,Bulk,,300,E3,15.0,451.3,337.38,0.7475737,-25.24263
SiC,Bulk,,300,E1,15.5,451.3,442.95,0.9814979,-1.8502099999999966
SiC,Bulk,,300,E2,15.5,451.3,432.83,0.9590738,-4.092620000000002
SiC,Bulk,,300,E3,15.5,451.3,413.12,0.9154,-8.46
SiC,Bulk,,300,E1,16.0,451.3,442.11,0.9796366,-2.036340000000003
SiC,Bulk,,300,E2,16.0,451.3,426.24,0.9444715,-5.552849999999998
SiC,Bulk,,300,E3,16.0,451.3,394.61,0.8743851,-12.561489999999997
SiC,Bulk,,300,E1,16.5,451.3,439.42,0.973676,-2.6324000000000014
SiC,Bulk,,300,E2,16.5,451.3,427.09,0.946355,-5.364500000000005
SiC,Bulk,,300,E3,16.5,451.3,404.8,0.8969643,-10.303569999999995
SiC,Bulk,,300,E1,17.0,451.3,432.72,0.95883,-4.117000000000004
SiC,Bulk,,300,E2,17.0,451.3,416.73,0.9233991,-7.660089999999997
SiC,Bulk,,300,E3,17.0,451.3,391.93,0.8684467,-13.15533
SiC,Bulk,,300,E1,17.5,451.3,421.4,0.933747,-6.625300000000001
SiC,Bulk,,300,E2,17.5,451.3,401.14,0.8888544,-11.114559999999996
SiC,Bulk,,300,E3,17.5,451.3,373.81,0.828296,-17.170399999999997
SiC,Bulk,,300,E1,18.0,451.3,418.9,0.9282074,-7.179259999999998
SiC,Bulk,,300,E2,18.0,451.3,400.12,0.8865943,-11.340570000000005
SiC,Bulk,,300,E3,18.0,451.3,375.76,0.8326169,-16.738310000000002
SiC,Bulk,,300,E1,24.0,451.3,431.72,0.9566142,-4.338580000000003
SiC,Bulk,,300,E2,24.0,451.3,416.66,0.923244,-7.675600000000005
SiC,Bulk,,300,E3,24.0,451.3,395.53,0.8764237,-12.357629999999997
SiC,Bulk,,300,E1,24.5,451.3,431.45,0.956016,-4.398400000000002
SiC,Bulk,,300,E2,24.5,451.3,414.99,0.9195435,-8.045650000000004
SiC,Bulk,,300,E3,24.5,451.3,393.09,0.8710171,-12.898290000000001
SiC,Bulk,,300,E1,25.0,451.3,442.6,0.9807224,-1.9277600000000006
SiC,Bulk,,300,E2,25.0,451.3,430.5,0.9539109,-4.60891
SiC,Bulk,,300,E3,25.0,451.3,414.01,0.917372,-8.262800000000004
SiC,Bulk,,300,E1,25.5,451.3,453.55,1.004986,0.4985999999999935
SiC,Bulk,,300,E2,25.5,451.3,444.84,0.9856858,-1.4314200000000055
SiC,Bulk,,300,E3,25.5,451.3,426.61,0.9452914,-5.47086
SiC,Bulk,,300,E1,26.0,451.3,439.68,0.9742522,-2.5747799999999987
SiC,Bulk,,300,E2,26.0,451.3,425.27,0.9423222,-5.76778
SiC,Bulk,,300,E3,26.0,451.3,405.53,0.8985819,-10.141809999999996
SiC,Bulk,,300,E1,26.5,451.3,442.68,0.9808996,-1.9100400000000017
SiC,Bulk,,300,E2,26.5,451.3,431.88,0.9569688,-4.303120000000005
SiC,Bulk,,300,E3,26.5,451.3,418.04,0.9263018,-7.369820000000004
SiC,Bulk,,300,E1,27.0,451.3,435.59,0.9651895,-3.4810499999999966
SiC,Bulk,,300,E2,27.0,451.3,419.51,0.9295591,-7.044090000000002
SiC,Bulk,,300,E3,27.0,451.3,400.31,0.8870153,-11.298470000000005
SiC,Film,100.0,300,E1,2.0,119.87601563103668,134.7027258826764,1.12368370915225,12.368370915225002
SiC,Film,100.0,300,E1,2.5,119.87601563103668,131.7737345943415,1.0992502036431082,9.925020364310821
SiC,Film,100.0,300,E1,3.0,119.87601563103668,131.4389800752465,1.0964576974246387,9.645769742463873
SiC,Film,100.0,300,E1,3.5,119.87601563103668,132.77996722119238,1.1076441481828396,10.764414818283964
SiC,Film,100.0,300,E1,4.0,119.87601563103668,132.54905469657757,1.1057178869253288,10.57178869253288
SiC,Film,100.0,300,E1,4.5,119.87601563103668,124.6885769861808,1.0401461570924795,4.014615709247948
SiC,Film,100.0,300,E1,5.0,119.87601563103668,129.3750526318879,1.079240513215655,7.924051321565506
SiC,Film,100.0,300,E1,5.5,119.87601563103668,126.45553292313106,1.0548860191712186,5.48860191712186
SiC,Film,100.0,300,E1,6.0,119.87601563103668,125.73066555325018,1.0488392101738964,4.883921017389636
SiC,Film,100.0,300,E1,6.5,119.87601563103668,124.01032842638142,1.0344882399834645,3.448823998346451
SiC,Film,100.0,300,E1,7.0,119.87601563103668,123.6733700156212,1.0316773490059288,3.167734900592878
SiC,Film,100.0,300,E1,7.5,119.87601563103668,126.20493211581407,1.052795519199245,5.279551919924508
SiC,Film,100.0,300,E1,8.0,119.87601563103668,122.60159877870824,1.0227366845096066,2.273668450960664
SiC,Film,100.0,300,E1,8.5,119.87601563103668,123.61627635255488,1.0312010763940491,3.120107639404912
SiC,Film,100.0,300,E1,9.0,119.87601563103668,123.58923937669331,1.0309755352320473,3.0975535232047324
SiC,Film,100.0,300,E1,9.5,119.87601563103668,122.58622124340847,1.022608405844197,2.26084058441971
SiC,Film,100.0,300,E1,10.0,119.87601563103668,122.29750034434112,1.0201999098865402,2.019990988654019
SiC,Film,100.0,300,E1,10.5,119.87601563103668,121.50439596856728,1.0135838710434166,1.3583871043416629
SiC,Film,100.0,300,E1,11.0,119.87601563103668,120.743847317121,1.0072394104985554,0.7239410498555365
SiC,Film,100.0,300,E1,11.5,119.87601563103668,119.34268738477314,0.995551001228594,-0.4448998771406032
SiC,Film,100.0,300,E1,12.0,119.87601563103668,118.07183546695036,0.9849496151954252,-1.5050384804574768
SiC,Film,100.0,300,E1,12.5,119.87601563103668,118.22492676251022,0.986226695475029,-1.3773304524971053
SiC,Film,100.0,300,E1,13.0,119.87601563103668,116.02763187961396,0.9678969664518418,-3.2103033548158244
SiC,Film,100.0,300,E1,13.5,119.87601563103668,118.22585327507176,0.9862344243985893,-1.3765575601410673
SiC,Film,100.0,300,E1,14.0,119.87601563103668,115.09467339199746,0.9601142712837938,-3.9885728716206215
SiC,Film,100.0,300,E1,14.5,119.87601563103668,115.96530543794204,0.9673770422506257,-3.2622957749374293
SiC,Film,100.0,300,E1,15.0,119.87601563103668,113.63218783204276,0.9479142865557725,-5.208571344422753
SiC,Film,100.0,300,E1,15.5,119.87601563103668,118.77485350330954,0.9908141580955078,-0.9185841904492231
SiC,Film,100.0,300,E1,16.0,119.87601563103668,118.3511871321268,0.9872799534512132,-1.2720046548786779
SiC,Film,100.0,300,E1,16.5,119.87601563103668,118.75195217832548,0.990623116335707,-0.9376883664293012
SiC,Film,100.0,300,E1,17.0,119.87601563103668,118.3738175337584,0.9874687351813406,-1.2531264818659404
SiC,Film,100.0,300,E1,17.5,119.87601563103668,118.24754391212812,0.9864153666574906,-1.3584633342509367
SiC,Film,100.0,300,E1,18.0,119.87601563103668,119.0515050933262,0.9931219724532034,-0.6878027546796561
SiC,Film,100.0,300,E1,24.0,119.87601563103668,122.01783964123078,1.01786699365106,1.7866993651060037
SiC,Film,100.0,300,E1,24.5,119.87601563103668,122.0032246957961,1.017745076473902,1.7745076473902
SiC,Film,100.0,300,E1,25.0,119.87601563103668,123.009612296271,1.026140313796207,2.614031379620707
SiC,Film,100.0,300,E1,25.5,119.87601563103668,123.46466399096066,1.0299363333109885,2.993633331098855
SiC,Film,100.0,300,E1,26.0,119.87601563103668,122.18456268694838,1.0192577893397552,1.9257789339755194
SiC,Film,100.0,300,E1,26.5,119.87601563103668,121.6400012093869,1.0147150834890903,1.4715083489090341
SiC,Film,100.0,300,E1,27.0,119.87601563103668,121.89109554030888,1.016809700411418,1.680970041141805
SiC,Film,100.0,300,E2,2.0,119.87601563103668,139.93766608691146,1.1673533304411954,16.73533304411954
SiC,Film,100.0,300,E2,2.5,119.87601563103668,135.91516716330088,1.133797836438197,13.37978364381971
SiC,Film,100.0,300,E2,3.0,119.87601563103668,135.88424347116134,1.1335398724745405,13.353987247454047
SiC,Film,100.0,300,E2,3.5,119.87601563103668,135.783522104299,1.132699659640204,13.269965964020392
SiC,Film,100.0,300,E2,4.0,119.87601563103668,135.45761128585983,1.129980927150443,12.998092715044308
SiC,Film,100.0,300,E2,4.5,119.87601563103668,122.61367875082333,1.0228374550603418,2.283745506034185
SiC,Film,100.0,300,E2,5.0,119.87601563103668,130.56377065295797,1.0891567422028512,8.91567422028512
SiC,Film,100.0,300,E2,5.5,119.87601563103668,126.35813674349816,1.054073544890019,5.407354489001892
SiC,Film,100.0,300,E2,6.0,119.87601563103668,125.5655639530849,1.0474619405065977,4.746194050659769
SiC,Film,100.0,300,E2,6.5,119.87601563103668,123.79553713911888,1.032696461318384,3.2696461318383996
SiC,Film,100.0,300,E2,7.0,119.87601563103668,122.65203694021837,1.0231574372452112,2.3157437245211243
SiC,Film,100.0,300,E2,7.5,119.87601563103668,126.74127587366765,1.057269673224387,5.726967322438692
SiC,Film,100.0,300,E2,8.0,119.87601563103668,121.64664145547096,1.0147704761049452,1.4770476104945196
SiC,Film,100.0,300,E2,8.5,119.87601563103668,123.27696877069344,1.0283705887433268,2.8370588743326763
SiC,Film,100.0,300,E2,9.0,119.87601563103668,123.1171913293365,1.0270377329546534,2.7037732954653393
SiC,Film,100.0,300,E2,9.5,119.87601563103668,121.8229725717673,1.016241421859758,1.6241421859757965
SiC,Film,100.0,300,E2,10.0,119.87601563103668,121.6288923845998,1.0146224142030067,1.4622414203006695
SiC,Film,100.0,300,E2,10.5,119.87601563103668,120.3719901368116,1.004137395651366,0.41373956513659493
SiC,Film,100.0,300,E2,11.0,119.87601563103668,119.06651589204584,0.9932471918195682,-0.675280818043178
SiC,Film,100.0,300,E2,11.5,119.87601563103668,116.49196719373276,0.9717704294767388,-2.822957052326125
SiC,Film,100.0,300,E2,12.0,119.87601563103668,114.75455929555623,0.9572770557269467,-4.272294427305335
SiC,Film,100.0,300,E2,12.5,119.87601563103668,114.977405399636,0.9591360272894122,-4.086397271058784
SiC,Film,100.0,300,E2,13.0,119.87601563103668,111.09964398460558,0.9267879266738088,-7.321207332619117
SiC,Film,100.0,300,E2,13.5,119.87601563103668,114.48803620148368,0.9550537327989235,-4.494626720107653
SiC,Film,100.0,300,E2,14.0,119.87601563103668,109.44453049667092,0.9129810489658535,-8.701895103414648
SiC,Film,100.0,300,E2,14.5,119.87601563103668,111.08828274269696,0.9266931517361466,-7.330684826385337
SiC,Film,100.0,300,E2,15.0,119.87601563103668,106.94313164844816,0.8921144991806008,-10.788550081939919
SiC,Film,100.0,300,E2,15.5,119.87601563103668,115.49699949670942,0.9634704564438868,-3.6529543556113153
SiC,Film,100.0,300,E2,16.0,119.87601563103668,114.51590028332448,0.9552861736395214,-4.47138263604786
SiC,Film,100.0,300,E2,16.5,119.87601563103668,115.30616553568215,0.9618785286506356,-3.812147134936439
SiC,Film,100.0,300,E2,17.0,119.87601563103668,114.78640664118916,0.9575427247639536,-4.245727523604637
SiC,Film,100.0,300,E2,17.5,119.87601563103668,114.43768447020123,0.9546337010601524,-4.536629893984756
SiC,Film,100.0,300,E2,18.0,119.87601563103668,115.66653736987888,0.964884733288817,-3.5115266711183035
SiC,Film,100.0,300,E2,24.0,119.87601563103668,120.46593614096912,1.0049210887334472,0.492108873344721
SiC,Film,100.0,300,E2,24.5,119.87601563103668,120.49992174828138,1.0052045950473112,0.5204595047311189
SiC,Film,100.0,300,E2,25.0,119.87601563103668,121.8651419346896,1.016593196672262,1.659319667226189
SiC,Film,100.0,300,E2,25.5,119.87601563103668,123.15246861293414,1.0273320143704308,2.7332014370430757
SiC,Film,100.0,300,E2,26.0,119.87601563103668,120.0837683240404,1.0017330630477672,0.17330630477672138
SiC,Film,100.0,300,E2,26.5,119.87601563103668,119.98862521382767,1.0009393837641183,0.09393837641182845
SiC,Film,100.0,300,E2,27.0,119.87601563103668,119.55524987073996,0.9973241873396593,-0.26758126603406707
SiC,Film,100.0,300,E3,2.0,119.87601563103668,144.6863968911566,1.2069670161250867,20.696701612508672
SiC,Film,100.0,300,E3,2.5,119.87601563103668,140.02452113870365,1.1680778711371385,16.807787113713847
SiC,Film,100.0,300,E3,3.0,119.87601563103668,140.46473196463884,1.1717500888332129,17.175008883321286
SiC,Film,100.0,300,E3,3.5,119.87601563103668,137.28658523902433,1.1452381405599532,14.52381405599532
SiC,Film,100.0,300,E3,4.0,119.87601563103668,136.80403583802808,1.141212736491791,14.1212736491791
SiC,Film,100.0,300,E3,4.5,119.87601563103668,117.89437369324908,0.9834692375505135,-1.653076244948648
SiC,Film,100.0,300,E3,5.0,119.87601563103668,130.2959749547761,1.086922803272097,8.692280327209701
SiC,Film,100.0,300,E3,5.5,119.87601563103668,124.96719760536452,1.0424703969974933,4.247039699749333
SiC,Film,100.0,300,E3,6.0,119.87601563103668,123.9910317323312,1.0343272678828435,3.432726788284346
SiC,Film,100.0,300,E3,6.5,119.87601563103668,122.6045564106303,1.0227613569339151,2.2761356933915122
SiC,Film,100.0,300,E3,7.0,119.87601563103668,119.8605542386494,0.9998710218027694,-0.012897819723056703
SiC,Film,100.0,300,E3,7.5,119.87601563103668,126.50982296977227,1.0553389041487133,5.533890414871334
SiC,Film,100.0,300,E3,8.0,119.87601563103668,119.9936682078328,1.000981452179377,0.09814521793769515
SiC,Film,100.0,300,E3,8.5,119.87601563103668,122.4429657544876,1.0214133753940544,2.1413375394054412
SiC,Film,100.0,300,E3,9.0,119.87601563103668,121.85040139241808,1.0164702317722865,1.6470231772286459
SiC,Film,100.0,300,E3,9.5,119.87601563103668,120.88773680103664,1.00843972970468,0.8439729704680099
SiC,Film,100.0,300,E3,10.0,119.87601563103668,120.43741727378124,1.004683185704741,0.4683185704740911
SiC,Film,100.0,300,E3,10.5,119.87601563103668,118.8064663986612,0.9910778713594601,-0.8922128640539873
SiC,Film,100.0,300,E3,11.0,119.87601563103668,116.72262099631644,0.973694532487416,-2.6305467512584
SiC,Film,100.0,300,E3,11.5,119.87601563103668,112.5085186383177,0.9385406917811214,-6.145930821887857
SiC,Film,100.0,300,E3,12.0,119.87601563103668,109.94267398819896,0.9171365381928334,-8.286346180716663
SiC,Film,100.0,300,E3,12.5,119.87601563103668,110.5215625706458,0.9219655991138151,-7.803440088618485
SiC,Film,100.0,300,E3,13.0,119.87601563103668,104.06303722959515,0.868088889022539,-13.1911110977461
SiC,Film,100.0,300,E3,13.5,119.87601563103668,109.39941370442511,0.9126046868386314,-8.739531316136862
SiC,Film,100.0,300,E3,14.0,119.87601563103668,101.8992620841606,0.8500387800491612,-14.996121995083877
SiC,Film,100.0,300,E3,14.5,119.87601563103668,104.43101548224102,0.8711585460403236,-12.88414539596764
SiC,Film,100.0,300,E3,15.0,119.87601563103668,97.89180753545035,0.8166087855034242,-18.33912144965758
SiC,Film,100.0,300,E3,15.5,119.87601563103668,110.6902032003222,0.923372391196357,-7.6627608803643055
SiC,Film,100.0,300,E3,16.0,119.87601563103668,108.48837281046416,0.9050048271906012,-9.499517280939884
SiC,Film,100.0,300,E3,16.5,119.87601563103668,110.2271302026888,0.9195094583553233,-8.049054164467673
SiC,Film,100.0,300,E3,17.0,119.87601563103668,109.71600715020688,0.9152456942504577,-8.475430574954235
SiC,Film,100.0,300,E3,17.5,119.87601563103668,109.18630708190736,0.910826961566433,-8.917303843356706
SiC,Film,100.0,300,E3,18.0,119.87601563103668,110.8290388202712,0.9245305513105229,-7.546944868947714
SiC,Film,100.0,300,E3,24.0,119.87601563103668,117.68628080700655,0.9817333366269876,-1.8266663373012415
SiC,Film,100.0,300,E3,24.5,119.87601563103668,117.20297792942436,0.9777016470931134,-2.2298352906886643
SiC,Film,100.0,300,E3,25.0,119.87601563103668,118.9197550412691,0.9920229198081555,-0.797708019184451
SiC,Film,100.0,300,E3,25.5,119.87601563103668,121.31186218581904,1.0119777634185116,1.1977763418511644
SiC,Film,100.0,300,E3,26.0,119.87601563103668,115.62075070998358,0.9645027831576396,-3.54972168423604
SiC,Film,100.0,300,E3,26.5,119.87601563103668,116.38202738533964,0.9708533168432033,-2.9146683156796693
SiC,Film,100.0,300,E3,27.0,119.87601563103668,115.44536843216744,0.9630397525681349,-3.69602474318651
